Absolute Zero,0,0.28,0.73
Acid green,0.69,0.75,0.1
Aero,0.49,0.73,0.91
Air superiority blue,0.45,0.63,0.76
Alabaster,0.95,0.94,0.9
Alice blue,0.94,0.97,1
Alizarin crimson,0.89,0.15,0.21
Alloy orange,0.77,0.38,0.06
Almond,0.94,0.87,0.8
Amber,1,0.75,0
American silver,0.81,0.81,0.81
American violet,0.33,0.11,0.55
American yellow,0.95,0.71,0
Amethyst,0.6,0.4,0.8
Anti-flash white,0.95,0.95,0.96
Antique brass,0.8,0.58,0.46
Antique bronze,0.4,0.36,0.12
Antique fuchsia,0.57,0.36,0.51
Antique ruby,0.52,0.11,0.18
Antique white,0.98,0.92,0.84
Ao (English),0,0.5,0
Apple green,0.55,0.71,0
Apricot,0.98,0.81,0.69
Aqua,0,1,1
Aquamarine,0.5,1,0.83
Arctic lime,0.82,1,0.08
Army green,0.29,0.33,0.13
Artichoke,0.56,0.59,0.47
Arylide yellow,0.91,0.84,0.42
Ash gray,0.7,0.75,0.71
Asparagus,0.53,0.66,0.42
Atomic tangerine,1,0.6,0.4
Auburn,0.65,0.16,0.16
Aureolin,0.99,0.93,0
Avocado,0.34,0.51,0.01
Azure,0,0.5,1
Azure mist,0.94,1,1
Baby blue,0.54,0.81,0.94
Baby blue eyes,0.63,0.79,0.95
Baby pink,0.96,0.76,0.76
Baby powder,1,1,0.98
Baker-Miller pink,1,0.57,0.69
Banana Mania,0.98,0.91,0.71
Bangladesh green,0,0.42,0.31
Barbie Pink,0.91,0.25,0.59
Barbie Pink (Pantone),0.88,0.13,0.54
Barn red,0.49,0.04,0.01
Battleship grey,0.52,0.52,0.51
Beau blue,0.74,0.83,0.9
Beaver,0.62,0.51,0.44
Beige,0.96,0.96,0.86
B'dazzled blue,0.18,0.35,0.58
Big dip o’ruby,0.61,0.15,0.26
Bisque,1,0.89,0.77
Bistre,0.24,0.17,0.12
Bistre brown,0.59,0.44,0.09
Bitter lemon,0.79,0.88,0.05
Bitter lime,0.75,1,0
Bittersweet,1,0.44,0.37
Bittersweet shimmer,0.75,0.31,0.32
Black,0,0,0
Black bean,0.24,0.05,0.01
Black chocolate,0.11,0.09,0.07
Black coffee,0.23,0.18,0.18
Black coral,0.33,0.38,0.44
Black leather jacket,0.15,0.21,0.16
Black olive,0.23,0.24,0.21
Black Shadows,0.75,0.69,0.7
Blanched almond,1,0.92,0.8
Blast-off bronze,0.65,0.44,0.39
Bleu de France,0.19,0.55,0.91
Blizzard blue,0.67,0.9,0.93
Blond,0.98,0.94,0.75
Blood,0.54,0.01,0.01
Blood orange,0.82,0,0.11
Blood red,0.4,0,0
Blood (Animal),0.64,0.07,0.07
Blood (organ),0.39,0.06,0.06
Blue,0,0,1
Blue (Crayola),0.12,0.46,1
Blue (Munsell),0,0.58,0.69
Blue (NCS),0,0.53,0.74
Blue (Pantone),0,0.09,0.66
Blue (pigment),0.2,0.2,0.6
Blue (RYB),0.01,0.28,1
Blue bell,0.64,0.64,0.82
Blue cola,0,0.53,0.86
Blue-gray,0.4,0.6,0.8
Blue-green,0.05,0.6,0.73
Blue-green (color wheel),0.02,0.31,0.25
Blue jeans,0.36,0.68,0.93
Blue-magenta violet,0.33,0.21,0.57
Blue raspberry,0.05,0.75,0.91
Blue sapphire,0.07,0.38,0.5
Blue-violet,0.54,0.17,0.89
Blue-violet (Crayola),0.45,0.4,0.74
Blue-violet (color wheel),0.3,0.1,0.5
Blue yonder,0.31,0.45,0.65
Blueberry,0.31,0.53,0.97
Bluebonnet,0.11,0.11,0.94
Bluetiful,0.24,0.41,0.91
Blush,0.87,0.36,0.51
Bole,0.47,0.27,0.23
Bondi blue,0,0.58,0.71
Bone,0.89,0.85,0.79
Bored accent green,0.87,0.89,0.42
Bottle green,0,0.42,0.31
Boysenberry,0.53,0.2,0.38
Brandeis blue,0,0.44,1
Brandy,0.53,0.25,0.25
Brass,0.71,0.65,0.26
Brave orange,1,0.39,0.11
Brick red,0.8,0.25,0.33
Bright cerulean,0.11,0.67,0.84
Bright gray,0.92,0.93,0.94
Bright green,0.4,1,0
Bright lavender,0.75,0.58,0.89
Bright lilac,0.85,0.57,0.94
Bright maroon,0.76,0.13,0.28
Bright navy blue,0.1,0.45,0.82
Bright pink,1,0,0.5
Bright turquoise,0.03,0.91,0.87
Bright ube,0.82,0.62,0.91
Bright yellow (Crayola),1,0.67,0.11
Brilliant azure,0.2,0.6,1
Brilliant lavender,0.96,0.73,1
Brilliant rose,1,0.33,0.64
Brink pink,0.98,0.38,0.5
British racing green,0,0.26,0.15
Bronze,0.53,0.33,0.04
Bronze,0.8,0.5,0.2
Bronze (metallic),0.69,0.55,0.34
Brown,0.6,0.2,0
Brown (Crayola),0.69,0.35,0.24
Brown (traditional),0.59,0.29,0
Brown (web),0.65,0.16,0.16
Brown-nose,0.42,0.27,0.14
Brown sugar,0.69,0.43,0.3
Brunswick green,0.11,0.3,0.24
Bubbles,0.91,1,1
Bud green,0.48,0.71,0.38
Buff,0.94,0.86,0.51
Bulgarian rose,0.28,0.02,0.03
Burgundy,0.5,0,0.13
Burlywood,0.87,0.72,0.53
Burnished brown,0.63,0.48,0.45
Burnt orange,0.8,0.33,0
Burnt sienna,0.91,0.45,0.32
Burnt umber,0.54,0.2,0.14
Button blue,0.14,0.63,0.93
Byzantine,0.74,0.2,0.64
Byzantium,0.44,0.16,0.39
Cadet,0.33,0.41,0.45
Cadet blue,0.37,0.62,0.63
Cadet blue (Crayola),0.66,0.7,0.76
Cadet grey,0.57,0.64,0.69
Cadmium blue,0.04,0.07,0.57
Cadmium green,0,0.42,0.24
Cadmium orange,0.93,0.53,0.18
Cadmium purple,0.71,0.05,0.15
Cadmium red,0.89,0,0.13
Cadmium yellow,1,0.96,0
Cadmium violet,0.5,0.24,0.6
Café au lait,0.65,0.48,0.36
Café noir,0.29,0.21,0.13
Cal Poly Pomona green,0.12,0.3,0.17
Calamansi,0.99,1,0.64
Cambridge blue,0.64,0.76,0.68
Camel,0.76,0.6,0.42
Cameo pink,0.94,0.73,0.8
Camouflage green,0.47,0.53,0.42
Canary,1,1,0.6
Canary yellow,1,0.94,0
Candy apple red,1,0.03,0
Candy pink,0.89,0.44,0.48
Capri,0,0.75,1
Caput mortuum,0.35,0.15,0.13
Caramel,1,0.84,0.6
Cardinal,0.77,0.12,0.23
Caribbean green,0,0.8,0.6
Caribbean blue,0.1,0.76,0.87
Carmine,0.59,0,0.09
Carmine (M&P),0.84,0,0.25
Carmine pink,0.92,0.3,0.26
Carmine red,1,0,0.22
Carnation pink,1,0.65,0.79
Carnelian,0.7,0.11,0.11
Carolina blue,0.34,0.63,0.83
Carrot orange,0.93,0.57,0.13
Castleton green,0,0.34,0.25
Catalina blue,0.02,0.16,0.47
Catawba,0.44,0.21,0.26
Cedar Chest,0.79,0.35,0.29
Ceil,0.57,0.63,0.81
Celadon,0.67,0.88,0.69
Celadon blue,0,0.48,0.65
Celadon green,0.18,0.52,0.49
Celeste,0.7,1,1
Celestial blue,0.29,0.59,0.82
Celtic blue,0.14,0.42,0.81
Cerise,0.87,0.19,0.39
Cerise pink,0.93,0.23,0.51
Cerulean,0,0.48,0.65
Cerulean blue,0.16,0.32,0.75
Cetacean blue,0,0.08,0.25
Cerulean frost,0.43,0.61,0.76
Cerulean (Crayola),0.11,0.67,0.84
CG blue,0,0.48,0.65
CG red,0.88,0.24,0.19
Chamoisee,0.63,0.47,0.35
Champagne,0.97,0.91,0.81
Champagne pink,0.95,0.87,0.81
Charcoal,0.21,0.27,0.31
Charleston green,0.14,0.17,0.17
Charm,0.82,0.45,0.55
Charm pink,0.9,0.56,0.67
Chartreuse (traditional),0.87,1,0
Chartreuse (web),0.5,1,0
Cheese,1,0.65,0
Cherry,0.87,0.19,0.39
Cherry blossom pink,1,0.72,0.77
Chestnut,0.58,0.27,0.21
Chickadee,1,0.76,0.3
China pink,0.87,0.44,0.63
China rose,0.66,0.32,0.43
Chinese black,0.08,0.08,0.08
Chinese blue,0.21,0.32,0.58
Chinese bronze,0.8,0.5,0.2
Chinese brown,0.67,0.22,0.12
Chinese green,0.82,0.86,0.38
Chinese gold,0.8,0.6,0
Chinese orange,0.95,0.44,0.26
Chinese pink,0.87,0.44,0.63
Chinese purple,0.45,0.04,0.6
Chinese red,0.8,0.03,0.12
Chinese red,0.67,0.22,0.12
Chinese silver,0.8,0.8,0.8
Chinese violet,0.52,0.38,0.53
Chinese white,0.89,0.9,0.87
Chinese yellow,1,0.7,0
Chlorophyll green,0.29,1,0
Chocolate brown,0.25,0,0.06
Chocolate cosmos,0.35,0.07,0.1
Chocolate Kisses,0.24,0.08,0.13
Chocolate (traditional),0.48,0.25,0
Chocolate (web),0.82,0.41,0.12
Chrome aluminum,0.66,0.66,0.68
Chrome yellow,1,0.65,0
Cinereous,0.6,0.51,0.48
Cinnabar,0.89,0.26,0.2
Cinnamon[*citation needed*],0.82,0.41,0.12
Cinnamon Satin,0.8,0.38,0.49
Citrine,0.89,0.82,0.04
Citrine Brown,0.58,0.22,0.04
Citron,0.62,0.66,0.12
Claret,0.5,0.09,0.2
Classic rose,0.98,0.8,0.91
Cobalt blue,0,0.28,0.67
Cocoa brown,0.82,0.41,0.12
Coconut,0.59,0.35,0.24
Coconut White,0.91,0.93,0.96
Coffee,0.44,0.31,0.22
Cola,0.24,0.19,0.14
Columbia Blue,0.77,0.85,0.89
Conditioner,1,1,0.8
Congo pink,0.97,0.51,0.47
Cool black,0,0.18,0.39
Cool grey,0.55,0.57,0.67
Cookies and cream,0.93,0.88,0.69
Copper,0.72,0.45,0.2
Copper (Crayola),0.85,0.54,0.4
Copper penny,0.68,0.44,0.41
Copper red,0.8,0.43,0.32
Copper rose,0.6,0.4,0.4
Coquelicot,1,0.22,0
Coral,1,0.5,0.31
Coral pink,0.97,0.51,0.47
Coral red,1,0.25,0.25
Coral reef,0.99,0.49,0.43
Coral Reef (Valspar Paint Color),0.96,0.64,0.58
Cordovan,0.54,0.25,0.27
Corn,0.98,0.93,0.36
Cornell red,0.7,0.11,0.11
Cornflower blue,0.39,0.58,0.93
Cornflower,0,0.62,0.87
Cornsilk,1,0.97,0.86
Cosmic cobalt,0.18,0.18,0.53
Cosmic latte,1,0.97,0.91
Coyote brown,0.51,0.38,0.24
Cotton candy,1,0.74,0.85
Cream,1,0.99,0.82
Crimson,0.86,0.08,0.24
Crimson glory,0.75,0,0.2
Crimson red,0.6,0,0
Crystal,0.65,0.85,0.87
Crystal blue,0.41,0.63,0.69
Cultured,0.96,0.96,0.96
Cyan,0,1,1
Cyan azure,0.31,0.51,0.71
Cyan-blue azure,0.27,0.51,0.75
Cyan cobalt blue,0.16,0.35,0.61
Cyan cornflower blue,0.09,0.55,0.76
Cyan (process),0,0.72,0.92
Cyber grape,0.35,0.26,0.49
Cyber yellow,1,0.83,0
Cyclamen,0.96,0.44,0.63
Daffodil,1,1,0.19
Dandelion,0.94,0.88,0.19
Dandelion (Crayola),0.99,0.86,0.43
Dark blue,0,0,0.55
Dark blue-gray,0.4,0.4,0.6
Dark bronze,0.5,0.29,0.18
Dark bronze (Coin),0.32,0.25,0
Dark brown,0.4,0.26,0.13
Dark brown-tangelo,0.53,0.4,0.31
Dark byzantium,0.36,0.22,0.33
Dark candy apple red,0.64,0,0
Dark cerulean,0.03,0.27,0.49
Dark charcoal,0.2,0.2,0.2
Dark chestnut,0.6,0.41,0.38
Dark chocolate,0.29,0.01,0.02
Dark chocolate (Hershey's),0.24,0.07,0.13
Dark cornflower blue,0.15,0.26,0.55
Dark coral,0.8,0.36,0.27
Dark cyan,0,0.55,0.55
Dark electric blue,0.33,0.41,0.47
Dark gold,0.67,0.42,0.22
Dark goldenrod,0.72,0.53,0.04
Dark gray (X11),0.66,0.66,0.66
Dark green,0,0.2,0.13
Dark green (X11),0,0.39,0
Dark gunmetal,0.12,0.15,0.16
Dark imperial blue,0,0.25,0.42
Dark imperial blue,0,0.08,0.49
Dark jungle green,0.1,0.14,0.13
Dark khaki,0.74,0.72,0.42
Dark lava,0.28,0.24,0.2
Dark lavender,0.45,0.31,0.59
Dark lemon lime,0.55,0.75,0.11
Dark liver,0.33,0.29,0.31
Dark liver (horses),0.33,0.24,0.22
Dark magenta,0.55,0,0.55
Dark medium gray,0.66,0.66,0.66
Dark midnight blue,0,0.2,0.4
Dark moss green,0.29,0.36,0.14
Dark Navy,0.01,0.03,0.36
Dark olive green,0.33,0.42,0.18
Dark orange,1,0.55,0
Dark orchid,0.6,0.2,0.8
Dark pastel blue,0.47,0.62,0.8
Dark pastel green,0.01,0.75,0.24
Dark pastel purple,0.59,0.44,0.84
Dark pastel red,0.76,0.23,0.13
Dark pink,0.91,0.33,0.5
Dark powder blue,0,0.2,0.6
Dark puce,0.31,0.23,0.24
Dark purple,0.19,0.1,0.2
Dark raspberry,0.53,0.15,0.34
Dark red,0.55,0,0
Dark salmon,0.91,0.59,0.48
Dark scarlet,0.34,0.01,0.1
Dark sea green,0.56,0.74,0.56
Dark sienna,0.24,0.08,0.08
Dark silver,0.44,0.44,0.43
Dark sky blue,0.55,0.75,0.84
Dark slate blue,0.28,0.24,0.55
Dark slate gray,0.18,0.31,0.31
Dark spring green,0.09,0.45,0.27
Dark tan,0.57,0.51,0.32
Dark tangerine,1,0.66,0.07
Dark taupe,0.28,0.24,0.2
Dark terra cotta,0.8,0.31,0.36
Dark turquoise,0,0.81,0.82
Dark vanilla,0.82,0.75,0.66
Dark violet,0.58,0,0.83
Dark yellow,0.61,0.53,0.05
Dartmouth green,0,0.44,0.24
Davy's grey,0.33,0.33,0.33
Debian red,0.84,0.04,0.33
Deep amethyst,0.61,0.54,0.64
Deep aquamarine,0.25,0.51,0.43
Deep carmine,0.66,0.13,0.24
Deep carmine pink,0.94,0.19,0.22
Deep carrot orange,0.91,0.41,0.17
Deep cerise,0.85,0.2,0.53
Deep champagne,0.98,0.84,0.65
Deep chestnut,0.73,0.31,0.28
Deep coffee,0.44,0.26,0.25
Deep dumpling,0.61,0.21,0.11
Deep fuchsia,0.76,0.33,0.76
Deep green,0.02,0.4,0.03
Deep green-cyan turquoise,0.05,0.49,0.38
Deep jungle green,0,0.29,0.29
Deep koamaru,0.2,0.2,0.4
Deep lemon,0.96,0.78,0.1
Deep lilac,0.6,0.33,0.73
Deep magenta,0.8,0,0.8
Deep maroon,0.51,0,0
Deep mauve,0.83,0.45,0.83
Deep moss green,0.21,0.37,0.23
Deep peach,1,0.8,0.64
Deep pink,1,0.08,0.58
Deep puce,0.66,0.36,0.41
Deep red,0.52,0,0
Deep ruby,0.52,0.25,0.36
Deep saffron,1,0.6,0.2
Deep sky blue,0,0.75,1
Deep Space Sparkle,0.29,0.39,0.42
Deep spring bud,0.33,0.42,0.18
Deep taupe,0.49,0.37,0.38
Deep Tuscan red,0.4,0.26,0.3
Deep violet,0.2,0,0.4
Deer,0.73,0.53,0.35
Delicate girl blue,0.42,0.7,0.79
Denim,0.08,0.38,0.74
Denim blue,0.13,0.26,0.71
Desaturated cyan,0.4,0.6,0.6
Desert,0.76,0.6,0.42
Desert sand,0.93,0.79,0.69
Desire,0.92,0.24,0.33
Diamond,0.73,0.95,1
Dim gray,0.41,0.41,0.41
Dingy Dungeon,0.77,0.19,0.32
Dirt,0.61,0.46,0.33
Dirty brown,0.71,0.4,0.12
Dirty white,0.91,0.89,0.79
Dodger blue,0.12,0.56,1
Dodie yellow,1,0.96,0.36
Dogwood rose,0.84,0.09,0.41
Dollar bill,0.52,0.73,0.4
Dolphin gray,0.51,0.56,0.52
Douban Blue,0.14,0.59,0.8
Douban Green,0.18,0.59,0.24
Douban Light Yellow,0.97,0.77,0.56
Drab,0.59,0.44,0.09
Duke blue,0,0,0.61
Durian,0.69,0.47,0.22
Durian White,0.9,0.82,0.67
Durian Yellow,0.88,0.74,0.15
Dust storm,0.9,0.8,0.79
Dutch white,0.94,0.87,0.73
Earthtone,0.36,0.23,0.1
Earth yellow,0.88,0.66,0.37
Ebony,0.33,0.36,0.31
Ecru,0.76,0.7,0.5
Eerie black,0.11,0.11,0.11
Eggplant,0.38,0.25,0.32
Eggshell,0.94,0.92,0.84
Egyptian blue,0.06,0.2,0.65
Elderberry,0.09,0.09,0.17
Electric blue,0.49,0.98,1
Electric brown,0.71,0.38,0.34
Electric crimson,1,0,0.25
Electric cyan,0,1,1
Electric green,0,1,0
Electric indigo,0.44,0,1
Electric lavender,0.96,0.73,1
Electric lime,0.8,1,0
Electric orange,1,0.21,0.01
Electric pink,0.96,0.15,0.51
Electric purple,0.75,0,1
Electric red,0.9,0,0
Electric ultramarine,0.25,0,1
Electric violet,0.56,0,1
Electric yellow,1,1,0.2
Emerald,0.31,0.78,0.47
Emerald green,0.02,0.39,0.03
Eminence,0.42,0.19,0.51
English green,0.11,0.3,0.24
English lavender,0.71,0.51,0.58
English red,0.67,0.29,0.32
English vermillion,0.8,0.28,0.29
English violet,0.34,0.24,0.36
Eton blue,0.59,0.78,0.64
Eucalyptus,0.27,0.84,0.66
Facebook Blue,0.22,0.34,0.61
Fallow,0.76,0.6,0.42
Falu red,0.5,0.09,0.09
Fandango,0.71,0.2,0.54
Fandango pink,0.87,0.32,0.52
Fashion fuchsia,0.96,0,0.63
Fawn,0.9,0.67,0.44
Feldgrau,0.3,0.36,0.33
Feldspar,0.99,0.84,0.69
Fern green,0.31,0.47,0.26
Ferrari red,1,0.16,0
Field drab,0.42,0.33,0.12
Fiery rose,1,0.33,0.44
Firebrick,0.7,0.13,0.13
Fire engine red,0.81,0.13,0.16
Fire opal,0.91,0.36,0.29
Flame,0.89,0.35,0.13
Flamingo pink,0.99,0.56,0.67
Flattery,0.42,0.27,0.14
Flavescent[2],0.97,0.91,0.56
Flax,0.93,0.86,0.51
Flesh,1,0.91,0.82
Flickr Blue,0.13,0.42,0.84
Flickr Pink,0.98,0,0.51
Flirt,0.64,0,0.43
Floral white,1,0.98,0.94
Flower girl,0.96,0.6,0.68
Fluorescent blue,0.08,0.96,0.93
Fluorescent orange,1,0.75,0
Fluorescent pink,1,0.08,0.58
Fluorescent yellow,0.8,1,0
Folly,1,0,0.31
Forest green (Crayola),0.37,0.65,0.47
Forest green (traditional),0,0.27,0.13
Forest green (web),0.13,0.55,0.13
French beige,0.65,0.48,0.36
French bistre,0.52,0.43,0.3
French blue,0,0.45,0.73
French fuchsia,0.99,0.25,0.57
French lilac,0.53,0.38,0.56
French lime,0.62,0.99,0.22
French mauve,0.83,0.45,0.83
French pink,0.99,0.42,0.62
French plum,0.51,0.08,0.33
French puce,0.31,0.09,0.04
French raspberry,0.78,0.17,0.28
French rose,0.96,0.29,0.54
French sky blue,0.47,0.71,1
French violet,0.53,0.02,0.81
French wine,0.67,0.12,0.27
Fresh Air,0.65,0.91,1
Frostbite,0.91,0.21,0.65
Fuchsia,1,0,1
Fuchsia (Crayola),0.76,0.33,0.76
Fuchsia pink,1,0.47,1
Fuchsia purple,0.8,0.22,0.48
Fuchsia rose,0.78,0.26,0.46
Fulvous,0.89,0.52,0
Fuzzy Wuzzy,0.8,0.4,0.4
Gainsboro,0.86,0.86,0.86
Gamboge,0.89,0.61,0.06
Gamboge orange (brown),0.6,0.4,0
Garnet,0.45,0.21,0.21
Gargoyle Gas,1,0.87,0.27
Generic viridian,0,0.5,0.4
Ghost white,0.97,0.97,1
Giant's Club,0.69,0.36,0.32
Giants orange,1,0.35,0.11
Gin,0.85,0.89,0.74
Glaucous,0.38,0.51,0.71
Glossy grape,0.67,0.57,0.7
GO green,0,0.67,0.4
Gold,0.65,0.49,0
Gold (metallic),0.83,0.69,0.22
Gold (web) (Golden),1,0.84,0
Gold (Crayola),0.9,0.75,0.54
Gold Fusion,0.52,0.46,0.31
Gold foil,0.74,0.61,0.09
Golden brown,0.6,0.4,0.08
Golden poppy,0.99,0.76,0
Golden yellow,1,0.87,0
Goldenrod,0.85,0.65,0.13
Google Chrome red,0.87,0.32,0.27
Google Chrome blue,0.3,0.55,0.96
Google Chrome green,0.1,0.64,0.38
Google Chrome yellow,1,0.81,0.27
Granite gray,0.4,0.4,0.4
Granny Smith apple,0.66,0.89,0.63
Grape,0.44,0.18,0.66
Gray (HTML/CSS gray),0.5,0.5,0.5
Gray (X11 gray),0.75,0.75,0.75
Gray-asparagus,0.27,0.35,0.27
Gray-blue,0.55,0.57,0.67
Green,0,1,0
Green (Color Wheel) (X11 green),0,1,0
Green (Crayola),0.11,0.67,0.47
Green (HTML/CSS color),0,0.5,0
Green (Munsell),0,0.66,0.47
Green (NCS),0,0.62,0.42
Green (Pantone),0,0.68,0.26
Green (pigment),0,0.65,0.31
Green (RYB),0.4,0.69,0.2
Green-blue,0.07,0.39,0.71
Green-blue (Crayola),0.16,0.53,0.78
Green Cola,0.3,0.45,0.11
Green-cyan,0,0.6,0.4
Green Lizard,0.65,0.96,0.2
Green Sheen,0.43,0.68,0.63
Green slime,0.4,1,0
Green-yellow,0.68,1,0.18
Green-yellow (Crayola),0.94,0.91,0.57
Grullo,0.66,0.6,0.53
Guppie green,0,1,0.5
Gunmetal,0.16,0.2,0.22
Guyabano,0.97,0.97,0.97
Halayà úbe,0.4,0.22,0.33
Halloween orange,0.92,0.38,0.14
Han blue,0.27,0.42,0.81
Han purple,0.32,0.09,0.98
Hansa yellow,0.91,0.84,0.42
Harlequin,0.25,1,0
Harlequin green,0.27,0.8,0.09
Harmonious rose,0.95,0.61,0.72
Harvest gold,0.85,0.57,0
Hawaii blue,0,0.37,0.89
Heart gold,0.5,0.5,0
Heat Wave,1,0.48,0
Heliotrope,0.87,0.45,1
Heliotrope gray,0.67,0.6,0.66
Heliotrope magenta,0.67,0,0.73
Hollywood cerise,0.96,0,0.63
Honeydew,0.94,1,0.94
Honolulu blue,0,0.43,0.69
Hooker's green,0.29,0.47,0.42
Hot magenta,1,0.11,0.81
Hot pink,1,0.41,0.71
Huawei Red,0.81,0.04,0.17
Huawei Red (1987-2018),0.93,0.11,0.14
Hunter green,0.21,0.37,0.23
Iceberg,0.44,0.65,0.82
Iced tea,0.57,0.24,0
Icterine,0.99,0.97,0.37
Iguana green,0.44,0.74,0.47
Illuminating emerald,0.19,0.57,0.47
Imperial,0.38,0.18,0.42
Imperial blue,0,0.14,0.58
Imperial purple,0.4,0.01,0.24
Imperial red,0.93,0.16,0.22
Inchworm,0.7,0.93,0.36
Independence,0.3,0.32,0.43
India green,0.07,0.53,0.03
Indian red,0.8,0.36,0.36
Indian yellow,0.89,0.66,0.34
Indigo,0.29,0,0.51
Indigo blue,0,0.25,0.42
Indigo dye,0.04,0.12,0.57
Indigo (rainbow),0.14,0.19,0.4
Infra red,1,0.29,0.42
Interdimensional blue,0.21,0.05,0.8
International Klein Blue,0,0.18,0.65
International orange (aerospace),1,0.31,0
International orange (engineering),0.73,0.09,0.05
International orange (Golden Gate Bridge),0.75,0.21,0.17
Iris,0.35,0.31,0.81
Iron,0.63,0.62,0.58
Irresistible,0.7,0.27,0.42
Isabelline,0.96,0.94,0.93
Islamic green,0,0.56,0
Italian ice,0.91,0.96,0.94
Italian leather,0.39,0.35,0.32
Italian roast,0.56,0.4,0.32
Italian sky blue,0.7,1,1
Ivory,1,1,0.94
Jacarta,0.24,0.2,0.36
Jacko bean,0.25,0.21,0.16
Jade,0,0.66,0.42
Japanese carmine,0.62,0.16,0.2
Japanese indigo,0.15,0.26,0.28
Japanese laurel,0.18,0.46,0.2
Japanese violet,0.36,0.2,0.34
Jasmine,0.97,0.87,0.49
Jasper,0.84,0.23,0.24
Jasper orange,0.87,0.57,0.31
Jazzberry jam,0.65,0.04,0.37
Jelly bean,0.85,0.38,0.31
Jelly bean blue,0.27,0.47,0.56
Jet,0.2,0.2,0.2
Jet stream,0.73,0.82,0.79
Jonquil,0.96,0.79,0.09
Jordy blue,0.54,0.73,0.95
June bud,0.74,0.85,0.34
Jungle green,0.16,0.67,0.53
Kelly green,0.3,0.73,0.09
Kenyan copper,0.49,0.11,0.02
Keppel,0.23,0.69,0.62
Key lime,0.91,0.96,0.55
Khaki (HTML/CSS) (Khaki),0.76,0.69,0.57
Khaki (X11) (Light khaki),0.94,0.9,0.55
Kiwi,0.56,0.9,0.25
Kobe,0.53,0.18,0.09
Kobi,0.91,0.62,0.77
Kobicha,0.42,0.27,0.14
Kombu green,0.21,0.26,0.19
KSU purple,0.31,0.15,0.51
KU crimson,0.91,0,0.05
Kumquat,0.98,0.6,0.07
Languid lavender,0.84,0.79,0.87
Lanzones,0.88,0.74,0.36
Lapis lazuli,0.15,0.38,0.61
Laser lemon,1,1,0.4
Laurel green,0.66,0.73,0.62
Lava,0.81,0.06,0.13
Lavender (floral),0.71,0.49,0.86
Lavender (web),0.9,0.9,0.98
Lavender blue,0.8,0.8,1
Lavender blush,1,0.94,0.96
Lavender gray,0.77,0.76,0.82
Lavender indigo,0.58,0.34,0.92
Lavender magenta,0.93,0.51,0.93
Lavender mist,0.9,0.9,0.98
Lavender pink,0.98,0.68,0.82
Lavender purple,0.59,0.48,0.71
Lavender rose,0.98,0.63,0.89
Lawn green,0.49,0.99,0
Lemon,1,0.97,0
Lemon chiffon,1,0.98,0.8
Lemon curry,0.8,0.63,0.11
Lemon glacier,0.99,1,0
Lemon iced tea,0.74,0.19,0
Lemon lime,0.89,1,0
Lemon lime,0.36,1,0.4
Lemon meringue,0.96,0.92,0.75
Lemon yellow,1,0.96,0.31
Lemon yellow (Crayola),1,1,0.62
Lenurple,0.73,0.58,0.85
Liberty,0.33,0.35,0.65
Licorice,0.1,0.07,0.06
Light apricot,0.99,0.84,0.69
Light blue,0.68,0.85,0.9
Light brown,0.71,0.4,0.11
Light carmine pink,0.9,0.4,0.44
Light chocolate cosmos,0.33,0.12,0.18
Light cobalt blue,0.53,0.67,0.88
Light coral,0.94,0.5,0.5
Light cornflower blue,0.58,0.8,0.92
Light crimson,0.96,0.41,0.57
Light cyan,0.88,1,1
Light deep pink,1,0.36,0.8
Light French beige,0.78,0.68,0.5
Light fuchsia pink,0.98,0.52,0.94
Light gold,0.7,0.59,0
Light goldenrod yellow,0.98,0.98,0.82
Light gray,0.83,0.83,0.83
Light grayish magenta,0.8,0.6,0.8
Light green,0.56,0.93,0.56
Light hot pink,1,0.7,0.87
Light khaki,0.94,0.9,0.55
Light magenta,1,0.5,1
Light medium orchid,0.83,0.61,0.8
Light moss green,0.68,0.87,0.68
Light orange,1,0.85,0.69
Light orchid,0.9,0.66,0.84
Light pastel purple,0.69,0.61,0.85
Light periwinkle,0.77,0.8,0.88
Light pink,1,0.71,0.76
Light red,1,0.8,0.8
Light red ochre,0.91,0.45,0.32
Light salmon,1,0.63,0.48
Light salmon pink,1,0.6,0.6
Light sea green,0.13,0.7,0.67
Light silver,0.85,0.85,0.85
Light sky blue,0.53,0.81,0.98
Light slate gray,0.47,0.53,0.6
Light steel blue,0.69,0.77,0.87
Light taupe,0.7,0.55,0.43
Light Thulian pink,0.9,0.56,0.67
Light yellow,1,1,0.88
Lilac,0.78,0.64,0.78
Lilac Luster,0.68,0.6,0.67
Lime (color wheel),0.75,1,0
Lime (web) (X11 green),0,1,0
Lime green,0.2,0.8,0.2
Limerick,0.62,0.76,0.04
Lincoln green,0.1,0.35,0.02
Linen,0.98,0.94,0.9
Linkedin Blue,0,0.45,0.69
Lion,0.76,0.6,0.42
Liseran purple,0.87,0.44,0.63
Little boy blue,0.42,0.63,0.86
Little girl pink,0.97,0.73,0.83
Liver,0.4,0.3,0.28
Liver (dogs),0.72,0.43,0.16
Liver (organ),0.42,0.18,0.12
Liver chestnut,0.6,0.45,0.34
Livid,0.4,0.6,0.8
Lotion,1,1,0.98
Lotion blue,0.48,0.6,0.78
Lotion pink,0.93,0.81,0.81
Lumber,1,0.89,0.8
Lust,0.9,0.13,0.13
Lychee,0.86,0.33,0.29
Macaroni and Cheese,1,0.74,0.53
Madder Lake,0.8,0.2,0.21
Magenta,1,0,1
Magenta (Crayola),1,0.33,0.64
Magenta (dye),0.79,0.12,0.48
Magenta (Pantone),0.82,0.25,0.49
Magenta (process),1,0,0.56
Magenta haze,0.62,0.27,0.46
Magenta-pink,0.8,0.2,0.55
Magic mint,0.67,0.94,0.82
Magic Potion,1,0.27,0.4
Magnolia,0.97,0.96,1
Mahogany,0.75,0.25,0
Maize,0.98,0.93,0.36
Maize (Crayola),0.95,0.78,0.29
Majorelle blue,0.38,0.31,0.86
Malachite,0.04,0.85,0.32
Manatee,0.59,0.6,0.67
Mandarin,0.95,0.48,0.28
Mango,0.99,0.75,0.01
Mango green,0.59,1,0
Mango Tango,1,0.51,0.26
Manila,0.91,0.79,0.66
Mantis,0.45,0.76,0.4
Maple syrup,0.73,0.58,0.32
Mardi Gras,0.53,0,0.52
Margarine,0.95,0.85,0.19
Margarita,0.69,0.76,0.29
Marigold,0.92,0.64,0.13
Maroon (Crayola),0.76,0.13,0.28
Maroon (HTML/CSS),0.5,0,0
Maroon (X11),0.69,0.19,0.38
Mauve,0.88,0.69,1
Mauve taupe,0.57,0.37,0.43
Mauvelous,0.94,0.6,0.67
Maximum blue,0.28,0.67,0.8
Maximum blue green,0.19,0.75,0.75
Maximum blue purple,0.67,0.67,0.9
Maximum green,0.37,0.55,0.19
Maximum green yellow,0.85,0.9,0.31
Maximum orange,1,0.36,0
Maximum purple,0.45,0.2,0.5
Maximum red,0.85,0.13,0.13
Maximum red purple,0.65,0.23,0.47
Maximum yellow,0.98,0.98,0.22
Maximum yellow red,0.95,0.73,0.29
May green,0.3,0.57,0.25
Maya blue,0.45,0.76,0.98
Meat brown,0.9,0.72,0.23
Medium aquamarine,0.4,0.87,0.67
Medium blue,0,0,0.8
Medium candy apple red,0.89,0.02,0.17
Medium carmine,0.69,0.25,0.21
Medium champagne,0.95,0.9,0.67
Medium electric blue,0.01,0.31,0.59
Medium jungle green,0.11,0.21,0.18
Medium lavender magenta,0.87,0.63,0.87
Medium orchid,0.73,0.33,0.83
Medium Persian blue,0,0.4,0.65
Medium purple,0.58,0.44,0.86
Medium red-violet,0.73,0.2,0.52
Medium ruby,0.67,0.25,0.41
Medium sea green,0.24,0.7,0.44
Medium sky blue,0.5,0.85,0.92
Medium slate blue,0.48,0.41,0.93
Medium spring bud,0.79,0.86,0.53
Medium spring green,0,0.98,0.6
Medium taupe,0.4,0.3,0.28
Medium turquoise,0.28,0.82,0.8
Medium Tuscan red,0.47,0.27,0.23
Medium vermilion,0.85,0.38,0.23
Medium violet-red,0.78,0.08,0.52
Mellow apricot,0.97,0.72,0.47
Mellow yellow,0.97,0.87,0.49
Melancholy,0.99,0.74,0.71
Melon,1,0.73,0.68
Menthol,0.76,0.98,0.64
Metallic blue,0.2,0.32,0.48
Metallic bronze,0.66,0.44,0.26
Metallic brown,0.67,0.26,0.07
Metallic gold,0.83,0.69,0.22
Metallic green,0.16,0.43,0
Metallic orange,0.85,0.41,0.06
Metallic pink,0.93,0.65,0.77
Metallic red,0.65,0.17,0.17
Metallic Seaweed,0.04,0.49,0.55
Metallic silver,0.66,0.66,0.68
Metallic Sunburst,0.61,0.49,0.22
Metallic violet,0.35,0.04,0.57
Metallic yellow,0.99,0.8,0.05
Mexican pink,0.89,0,0.49
Microsoft red,0.94,0.31,0.12
Microsoft blue,0,0.64,0.93
Microsoft green,0.49,0.72,0
Microsoft yellow,0.99,0.73,0
Microsoft Edge blue,0,0.47,0.84
Middle blue,0.49,0.83,0.9
Middle blue green,0.55,0.85,0.8
Middle blue purple,0.55,0.45,0.75
Middle grey,0.55,0.53,0.5
Middle green,0.3,0.55,0.34
Middle green yellow,0.67,0.75,0.38
Middle purple,0.85,0.51,0.71
Middle red,0.9,0.56,0.45
Middle red purple,0.65,0.33,0.33
Middle yellow,1,0.92,0
Middle yellow red,0.93,0.69,0.46
Midnight,0.44,0.15,0.44
Midnight blue,0.1,0.1,0.44
Midnight blue,0,0.27,0.55
Midnight green (eagle green),0,0.29,0.33
Mikado yellow,1,0.77,0.05
Milk,0.99,1,0.96
Milk chocolate,0.52,0.34,0.24
Mimi pink,1,0.85,0.91
Mindaro,0.89,0.98,0.53
Ming,0.21,0.45,0.49
Minion yellow,0.96,0.86,0.31
Mint,0.24,0.71,0.54
Mint cream,0.96,1,0.98
Mint green,0.6,1,0.6
Misty moss,0.73,0.71,0.47
Misty rose,1,0.89,0.88
Moccasin,0.98,0.92,0.84
Mocha,0.75,0.64,0.58
Mode beige,0.59,0.44,0.09
Moonstone,0.23,0.66,0.76
Moonstone blue,0.45,0.66,0.76
Mordant red 19,0.68,0.05,0
Morning blue,0.55,0.64,0.6
Moss green,0.54,0.6,0.36
Mountain Meadow,0.19,0.73,0.56
Mountbatten pink,0.6,0.48,0.55
MSU green,0.09,0.27,0.23
Mud,0.44,0.33,0.24
Mughal green,0.19,0.38,0.19
Mulberry,0.77,0.29,0.55
Mulberry (Crayola),0.78,0.31,0.61
Mummy's Tomb,0.51,0.56,0.52
Mustard,1,0.86,0.35
Mustard brown,0.8,0.48,0
Mustard green,0.43,0.43,0.19
Mustard yellow,1,0.68,0
Myrtle green,0.19,0.47,0.45
Mystic,0.84,0.32,0.51
Mystic maroon,0.68,0.26,0.47
Mystic red,1,0.13,0
Nadeshiko pink,0.96,0.68,0.78
Napier green,0.16,0.5,0
Naples yellow,0.98,0.85,0.37
Navajo white,1,0.87,0.68
Navy blue,0,0,0.5
Navy blue (Crayola),0.1,0.45,0.82
Neon blue,0.27,0.4,1
Neon green,0.22,1,0.08
New Car,0.13,0.31,0.78
New York pink,0.84,0.51,0.5
Nickel,0.45,0.45,0.45
Nintendo red,0.89,0,0.06
Non-photo blue,0.64,0.87,0.93
Nyanza,0.91,1,0.86
Ocean Blue,0.31,0.26,0.71
Ocean boat blue,0,0.47,0.75
Ocean green,0.28,0.75,0.57
Ochre,0.8,0.47,0.13
Office green,0,0.5,0
Ogre Odor,0.99,0.32,0.25
Old burgundy,0.26,0.19,0.18
Old gold,0.81,0.71,0.23
Old heliotrope,0.34,0.24,0.36
Old lace,0.99,0.96,0.9
Old lavender,0.47,0.41,0.47
Old mauve,0.4,0.19,0.28
Old moss green,0.53,0.49,0.21
Old rose,0.75,0.5,0.51
Old silver,0.52,0.52,0.51
Olive,0.5,0.5,0
Olive Drab (#3),0.42,0.56,0.14
Olive Drab #7,0.24,0.2,0.12
Olive green,0.71,0.7,0.36
Olivine,0.6,0.73,0.45
Onyx,0.21,0.22,0.22
Opal,0.66,0.76,0.74
Opera Red,1,0.11,0.18
Opera mauve,0.72,0.52,0.65
Orange,1,0.4,0
Orange (color wheel),1,0.5,0
Orange (Crayola),1,0.46,0.22
Orange (Pantone),1,0.35,0
Orange (RYB),0.98,0.6,0.01
Orange (web),1,0.65,0
Orange peel,1,0.62,0
Orange-red,1,0.41,0.12
Orange-red (Crayola),1,0.33,0.29
Orange soda,0.98,0.36,0.24
Orange soda,0.92,0.35,0.24
Orange-yellow,0.96,0.74,0.12
Orange-yellow (Crayola),0.97,0.84,0.41
Orchid,0.85,0.44,0.84
Orchid pink,0.95,0.74,0.8
Orchid (Crayola),0.89,0.61,0.82
Orioles orange,0.98,0.31,0.08
Otter brown,0.4,0.26,0.13
Outer space,0.25,0.29,0.3
Outer space (Crayola),0.18,0.22,0.23
Outrageous Orange,1,0.43,0.29
Oxblood,0.5,0,0.13
Oxford blue,0,0.13,0.28
Oxley,0.43,0.6,0.47
OU Crimson red,0.52,0.09,0.09
Pacific blue,0.11,0.66,0.79
Painite,0.42,0.29,0.28
Pakistan green,0,0.4,0
Palatinate blue,0.15,0.23,0.89
Palatinate purple,0.41,0.16,0.38
Pale aqua,0.74,0.83,0.9
Pale cerulean,0.61,0.77,0.89
Pale copper,0.85,0.54,0.4
Pale gold,0.9,0.75,0.54
Pale goldenrod,0.93,0.91,0.67
Pale lavender,0.86,0.82,1
Pale pink,0.98,0.85,0.87
Pale plum,0.87,0.63,0.87
Pale purple (Pantone),0.98,0.9,0.98
Pale red-violet,0.86,0.44,0.58
Pale robin egg blue,0.59,0.87,0.82
Pale silver,0.79,0.75,0.73
Pale spring bud,0.93,0.92,0.74
Pale taupe,0.74,0.6,0.49
Palm Leaf,0.44,0.6,0.25
Panasonic blue,0,0.25,0.75
Pansy purple,0.47,0.09,0.29
Paolo Veronese green,0,0.61,0.49
Papaya whip,1,0.94,0.84
Parakeet Blue,0.49,0.71,1
Paradise pink,0.9,0.24,0.38
Paris Green,0.31,0.78,0.47
Parrot Pink,0.85,0.6,0.63
Pastel blue,0.68,0.78,0.81
Pastel brown,0.51,0.41,0.33
Pastel gray,0.81,0.81,0.77
Pastel green,0.47,0.87,0.47
Pastel magenta,0.96,0.6,0.76
Pastel orange,1,0.7,0.28
Pastel pink,0.87,0.65,0.64
Pastel purple,0.7,0.62,0.71
Pastel red,1,0.41,0.38
Pastel violet,0.8,0.6,0.79
Pastel yellow,0.99,0.99,0.59
Patriarch,0.5,0,0.5
Payne's grey,0.33,0.41,0.47
Peach,1,0.9,0.71
Peach,1,0.8,0.64
Peach-orange,1,0.8,0.6
Peach puff,1,0.85,0.73
Peach Burst,0.95,0.6,0.6
Peach-yellow,0.98,0.87,0.68
Pear,0.82,0.89,0.19
Pearl,0.92,0.88,0.78
Pearl Aqua,0.53,0.85,0.75
Pearly purple,0.72,0.41,0.64
Penguin White,0.96,0.95,0.94
Peridot,0.9,0.89,0
Periwinkle,0.8,0.8,1
Periwinkle (Crayola),0.76,0.8,0.9
Permanent Geranium Lake,0.88,0.17,0.17
Persian blue,0.11,0.22,0.73
Persian green,0,0.65,0.58
Persian indigo,0.2,0.07,0.48
Persian orange,0.85,0.56,0.35
Persian pink,0.97,0.5,0.75
Persian plum,0.44,0.11,0.11
Persian red,0.8,0.2,0.2
Persian rose,1,0.16,0.64
Persimmon,0.93,0.35,0
Peru,0.8,0.52,0.25
Pewter Blue,0.55,0.66,0.72
Philippine blue,0,0.22,0.65
Philippine bronze,0.43,0.23,0.03
Philippine brown,0.36,0.1,0.09
Philippine gold,0.69,0.45,0.02
Philippine golden yellow,0.99,0.87,0.09
Philippine gray,0.55,0.55,0.55
Philippine green,0,0.52,0.26
Philippine orange,1,0.45,0
Philippine pink,1,0.1,0.56
Philippine red,0.81,0.07,0.15
Philippine silver,0.7,0.7,0.7
Philippine violet,0.51,0,0.5
Philippine yellow,1,0.8,0
Phlox,0.87,0,1
Phthalo blue,0,0.06,0.54
Phthalo green,0.07,0.21,0.14
Picton blue,0.27,0.69,0.91
Pictorial carmine,0.76,0.04,0.31
Piggy pink,0.99,0.87,0.9
Pine green,0,0.47,0.44
Pine tree,0.16,0.18,0.14
Pineapple,0.34,0.24,0.05
Pink,1,0.75,0.8
Pink (Pantone),0.84,0.28,0.58
Pink flamingo,0.99,0.45,0.99
Pink lace,1,0.87,0.96
Pink lavender,0.85,0.7,0.82
Pink-orange,1,0.6,0.4
Pink pearl,0.91,0.67,0.81
Pink raspberry,0.6,0,0.21
Pink Sherbet,0.97,0.56,0.65
Pistachio,0.58,0.77,0.45
Pixie Powder,0.22,0.07,0.52
Platinum,0.9,0.89,0.89
Plum,0.56,0.27,0.52
Plum (web),0.87,0.63,0.87
Plump Purple,0.35,0.27,0.7
Poker Green,0.21,0.4,0.3
Polished Pine,0.36,0.64,0.58
Pomegranate,0.4,0.05,0.13
Pomelo,0.59,0.65,0.24
Pomelo White,0.98,1,0.89
Pomelo Olive,0.75,0.74,0.44
Pomp and Power,0.53,0.38,0.56
Poppy Petal,0.96,0.63,0.55
Popstar,0.75,0.31,0.38
Portland Orange,1,0.35,0.21
Porcupine,0.58,0.41,0
Powder blue,0.69,0.88,0.9
Princess Perfume,1,0.52,0.81
Princeton orange,0.96,0.5,0.15
Prune,0.44,0.11,0.11
Prussian blue,0,0.19,0.33
Psychedelic purple,0.87,0,1
Puce,0.8,0.53,0.6
Puce red,0.45,0.18,0.22
Pullman Brown (UPS Brown),0.39,0.25,0.09
Pullman Green,0.23,0.2,0.11
Pumpkin,1,0.46,0.09
Purple,0.42,0.05,0.68
Purple (HTML),0.5,0,0.5
Purple (Munsell),0.62,0,0.77
Purple (X11),0.63,0.13,0.94
Purple Heart,0.41,0.21,0.61
Purple mountain majesty,0.59,0.47,0.71
Purple navy,0.31,0.32,0.5
Purple pizzazz,1,0.31,0.85
Purple Plum,0.61,0.32,0.71
Purple taupe,0.31,0.25,0.3
Purpureus,0.6,0.31,0.68
Quartz,0.32,0.28,0.31
Queen blue,0.26,0.42,0.58
Queen pink,0.91,0.8,0.84
Quick Silver,0.65,0.65,0.65
Quinacridone magenta,0.56,0.23,0.35
Quincy,0.42,0.33,0.27
Rackley,0.36,0.54,0.66
Radical Red,1,0.21,0.37
Raisin black,0.14,0.13,0.14
Rajah,0.98,0.67,0.38
Rambutan,0.78,0.07,0.2
Rambutan Red,0.65,0.13,0.15
Raspberry,0.89,0.04,0.36
Raspberry glace,0.57,0.37,0.43
Raspberry pink,0.89,0.31,0.6
Raspberry rose,0.7,0.27,0.42
Raw Sienna,0.84,0.54,0.35
Raw umber,0.51,0.4,0.27
Razzle dazzle rose,1,0.2,0.8
Razzmatazz,0.89,0.15,0.42
Razzmic Berry,0.55,0.31,0.52
Rebecca Purple,0.4,0.2,0.6
Red,1,0,0
Red (Crayola),0.93,0.13,0.3
Red (Munsell),0.95,0,0.24
Red (NCS),0.77,0.01,0.2
Red (Pantone),0.93,0.16,0.22
Red (pigment),0.93,0.11,0.14
Red (RYB),1,0.15,0.07
Red-brown,0.65,0.16,0.16
Red cola,0.71,0.13,0.13
Red devil,0.53,0,0.07
Red-orange,1,0.33,0.29
Red-orange (Crayola),1,0.41,0.12
Red-orange (Color wheel),1,0.27,0
Red-purple,0.89,0,0.47
Red Salsa,0.99,0.23,0.29
Red-violet,0.78,0.08,0.52
Red-violet (Crayola),0.75,0.27,0.56
Red-violet (Color wheel),0.57,0.17,0.24
Redwood,0.64,0.35,0.32
Regalia,0.32,0.18,0.5
Registration black,0,0,0
Resolution blue,0,0.14,0.53
Rhythm,0.47,0.46,0.59
Rich black,0,0.25,0.25
Rich black (FOGRA29),0,0.04,0.07
Rich black (FOGRA39),0,0.01,0.01
Rich brilliant lavender,0.95,0.65,1
Rich carmine,0.84,0,0.25
Rich electric blue,0.03,0.57,0.82
Rich lavender,0.65,0.42,0.81
Rich lilac,0.71,0.4,0.82
Rich maroon,0.69,0.19,0.38
Rifle green,0.27,0.3,0.22
Ripe mango,1,0.76,0.14
Roast coffee,0.44,0.26,0.25
Robin egg blue,0,0.8,0.8
Rocket metallic,0.54,0.5,0.5
Roman silver,0.51,0.54,0.59
Root beer,0.16,0.05,0.02
Rose,1,0,0.5
Rose bonbon,0.98,0.26,0.62
Rose Dust,0.62,0.37,0.44
Rose ebony,0.4,0.28,0.27
Rose garnet,0.59,0,0.27
Rose gold,0.72,0.43,0.47
Rose madder,0.89,0.15,0.21
Rose pink,1,0.4,0.8
Rose quartz,0.67,0.6,0.66
Rose quartz pink,0.74,0.33,0.61
Rose red,0.76,0.12,0.34
Rose taupe,0.56,0.36,0.36
Rose vale,0.67,0.31,0.32
Rosewood,0.4,0,0.04
Rosso corsa,0.83,0,0
Rosy brown,0.74,0.56,0.56
Royal azure,0,0.22,0.66
Royal blue (dark),0,0.14,0.4
Royal blue (light),0.25,0.41,0.88
Royal brown,0.32,0.23,0.21
Royal fuchsia,0.79,0.17,0.57
Royal green,0.07,0.38,0.03
Royal orange,0.98,0.57,0.27
Royal pink,0.91,0.22,0.58
Royal red,0.61,0.11,0.19
Royal red,0.82,0,0.38
Royal purple,0.47,0.32,0.66
Royal yellow,0.98,0.85,0.37
Ruber,0.81,0.27,0.46
Rubine red,0.82,0,0.34
Ruby,0.88,0.07,0.37
Ruby red,0.61,0.07,0.12
Ruddy,1,0,0.16
Ruddy brown,0.73,0.4,0.16
Ruddy pink,0.88,0.56,0.59
Rufous,0.66,0.11,0.03
Rum,0.44,0.4,0.46
Russet,0.5,0.27,0.11
Russian green,0.4,0.57,0.4
Russian violet,0.2,0.09,0.3
Rust,0.72,0.25,0.05
Rusty red,0.85,0.17,0.26
Sacramento State green,0.02,0.22,0.15
Saddle brown,0.55,0.27,0.07
Safety orange,1,0.47,0
Safety orange (blaze orange),1,0.4,0
Safety yellow,0.93,0.82,0.01
Saffron,0.96,0.77,0.19
Sage,0.74,0.72,0.54
St. Patrick's blue,0.14,0.16,0.48
Salmon,0.98,0.5,0.45
Salmon pink,1,0.57,0.64
Salmon Rose,0.91,0.59,0.55
Samsung blue,0.07,0.15,0.62
Sand,0.76,0.7,0.5
Sand dune,0.59,0.44,0.09
Sandstorm,0.93,0.84,0.25
Sandy brown,0.96,0.64,0.38
Sandy Tan,0.99,0.85,0.71
Sandy taupe,0.59,0.44,0.09
Sangria,0.57,0,0.04
Sap green,0.31,0.49,0.16
Sapphire,0.06,0.32,0.73
Sapphire blue,0,0.4,0.65
Sapphire (Crayola),0.18,0.36,0.63
Sasquatch Socks,1,0.27,0.51
Satin sheen gold,0.8,0.63,0.21
Scarlet,1,0.14,0
Schauss pink,1,0.57,0.69
School bus yellow,1,0.85,0
Screamin' Green,0.4,1,0.4
Sea blue,0,0.41,0.58
Sea Foam Green,0.76,0.89,0.75
Sea green,0.18,0.55,0.34
Sea green (Crayola),0,1,0.8
Sea Serpent,0.29,0.78,0.81
Seal brown,0.2,0.08,0.08
Seashell,1,0.96,0.93
Selective yellow,1,0.73,0
Sepia,0.44,0.26,0.08
Sesame Street Green,0,0.66,0.44
Shadow,0.54,0.47,0.36
Shadow blue,0.47,0.55,0.65
Shampoo,1,0.81,0.95
Shamrock green,0,0.62,0.38
Shandy,1,0.9,0.44
Sheen green,0.56,0.83,0
Shimmering Blush,0.85,0.53,0.58
Shiny Shamrock,0.37,0.65,0.47
Shocking pink,0.99,0.06,0.75
Shocking pink (Crayola),1,0.44,1
Sienna,0.53,0.18,0.09
Silver,0.75,0.75,0.75
Silver (Crayola),0.79,0.75,0.73
Silver (Metallic),0.67,0.66,0.68
Silver chalice,0.67,0.67,0.67
Silver foil,0.69,0.69,0.68
Silver Lake blue,0.36,0.54,0.73
Silver pink,0.77,0.68,0.68
Silver sand,0.75,0.76,0.76
Sinopia,0.8,0.25,0.04
Sizzling Red,1,0.22,0.33
Sizzling Sunrise,1,0.86,0
Skobeloff,0,0.45,0.45
Sky blue,0.53,0.81,0.92
Sky blue (Crayola),0.46,0.84,0.92
Sky magenta,0.81,0.44,0.69
Slate blue,0.42,0.35,0.8
Slate gray,0.44,0.5,0.56
Slimy green,0.16,0.59,0.09
Smalt (Dark powder blue),0,0.2,0.6
Smashed Pumpkin,1,0.43,0.23
Smitten,0.78,0.25,0.53
Smoke,0.45,0.51,0.46
Smokey Topaz,0.51,0.16,0.13
Smoky black,0.06,0.05,0.03
Smoky Topaz,0.58,0.24,0.25
Snow,1,0.98,0.98
Soap,0.81,0.78,0.94
Soldier Green,0.33,0.35,0.17
Solid pink,0.54,0.22,0.26
Sonic silver,0.46,0.46,0.46
Spartan Crimson,0.62,0.07,0.09
Space cadet,0.11,0.16,0.32
Spanish bistre,0.5,0.46,0.2
Spanish blue,0,0.44,0.72
Spanish carmine,0.82,0,0.28
Spanish crimson,0.9,0.1,0.3
Spanish gray,0.6,0.6,0.6
Spanish green,0,0.57,0.31
Spanish orange,0.91,0.38,0
Spanish pink,0.97,0.75,0.75
Spanish purple,0.4,0.01,0.24
Spanish red,0.9,0,0.15
Spanish sky blue,0,1,1
Spanish violet,0.3,0.16,0.51
Spanish viridian,0,0.5,0.36
Spanish yellow,0.96,0.71,0.07
Spicy mix,0.55,0.37,0.3
Sponge,0.99,1,0.01
Spiro Disco Ball,0.06,0.75,0.99
Spring bud,0.65,0.99,0
Spring Frost,0.53,1,0.16
Spring green,0,1,0.5
Spring green (Crayola),0.93,0.92,0.74
Sprint Red,0.93,0.13,0.19
Sprint Yellow,1,0.87,0.02
Star command blue,0,0.48,0.72
Steel blue,0.27,0.51,0.71
Steel pink,0.8,0.2,0.8
Steel Teal,0.37,0.54,0.55
Stil de grain yellow,0.98,0.85,0.37
Stizza,0.6,0,0
Stop red,0.81,0.08,0.17
Stormcloud,0.31,0.4,0.42
Stone Terrace,0.63,0.58,0.52
Straw,0.89,0.85,0.44
Strawberry,0.99,0.35,0.55
Strawberry Daiquiri,0.85,0.27,0.24
Strawberry Jam,0.55,0.09,0.1
Strawberry iced tea,0.99,0.35,0.55
Strawberry red,0.78,0.25,0.29
Strong boy pink,0.91,0.22,0.62
Sugar Plum,0.57,0.31,0.46
Sunburnt Cyclops,1,0.25,0.3
Sunglow,1,0.8,0.2
Sunny,0.95,0.95,0.48
Sunray,0.89,0.67,0.34
Sunset,0.98,0.84,0.65
Sunset Yellow,1,0.79,0.13
Super pink,0.81,0.42,0.66
Sweet Brown,0.66,0.22,0.19
Sweet Sixteen,0.95,0.62,0.67
Tan,0.82,0.71,0.55
Tan (Crayola),0.85,0.6,0.42
Tangelo,0.98,0.3,0
Tangerine,0.95,0.52,0
Tangerine yellow,1,0.8,0
Tango pink,0.89,0.44,0.48
Taobao Orange,1,0.26,0
Tart Orange,0.98,0.3,0.27
Taupe,0.28,0.24,0.2
Taupe gray,0.55,0.52,0.54
Tea green,0.82,0.94,0.75
Tea rose,0.97,0.51,0.47
Tea rose,0.96,0.76,0.76
Teal,0,0.5,0.5
Teal blue,0.21,0.46,0.53
Teal deer,0.6,0.9,0.7
Teal green,0,0.51,0.5
Telemagenta,0.81,0.2,0.46
Temptress,0.24,0.13,0.15
Tenné (tawny),0.8,0.34,0
Terra cotta,0.89,0.45,0.36
Thistle,0.85,0.75,0.85
3,0.92,0.69,0.84
Thulian pink,0.87,0.44,0.63
Tickle Me Pink,0.99,0.54,0.67
Tiffany Blue,0.04,0.73,0.71
Timberwolf,0.86,0.84,0.82
Titanium,0.53,0.53,0.51
Titanium yellow,0.93,0.9,0
Tomato,1,0.39,0.28
Tomato sauce,0.7,0.09,0.03
Toolbox,0.45,0.42,0.75
Tooth,1,0.98,0.98
Topaz,1,0.78,0.49
Tractor red,0.99,0.05,0.21
Trolley grey,0.5,0.5,0.5
Tropical rain forest,0,0.46,0.37
Tropical violet,0.8,0.64,0.87
True Blue,0,0.45,0.81
Tufts blue,0.24,0.56,0.87
Tulip,1,0.53,0.55
Tumbleweed,0.87,0.67,0.53
Turkish rose,0.71,0.45,0.51
Turquoise,0.25,0.88,0.82
Turquoise blue,0,1,0.94
Turquoise green,0.63,0.84,0.71
Turquoise Surf,0,0.77,0.8
Turtle green,0.54,0.6,0.36
Tuscan,0.98,0.84,0.65
Tuscan brown,0.44,0.31,0.22
Tuscan red,0.49,0.28,0.28
Tuscan tan,0.65,0.48,0.36
Tuscany,0.75,0.6,0.6
Twilight lavender,0.54,0.29,0.42
Twitter blue,0.15,0.65,0.87
Tyrian purple,0.4,0.01,0.24
UA blue,0,0.2,0.67
UA red,0.85,0,0.3
Ube,0.53,0.47,0.76
UE red,0.73,0,0
UFO Green,0.24,0.82,0.44
Ultramarine,0.07,0.04,0.56
Ultramarine blue,0.25,0.4,0.96
Ultra pink,1,0.44,1
Ultra red,0.99,0.42,0.52
Umber,0.39,0.32,0.28
Unbleached silk,1,0.87,0.79
United Nations blue,0.36,0.57,0.9
Unmellow yellow,1,1,0.4
UP Forest green,0,0.27,0.13
UP maroon,0.48,0.07,0.07
Upsdell red,0.68,0.13,0.16
Urobilin,0.88,0.68,0.13
USAFA blue,0,0.31,0.6
Vampire black,0.03,0.03,0.03
Van Dyke brown,0.4,0.26,0.16
Vanilla,0.95,0.9,0.67
Vanilla ice,0.95,0.56,0.66
Vegas gold,0.77,0.7,0.35
Venetian red,0.78,0.03,0.08
Verdigris,0.26,0.7,0.68
Verizon Red,0.8,0.02,0.04
Verizon Red (2000-2015),0.93,0.11,0.14
Vermilion,0.89,0.26,0.2
Vermilion,0.85,0.22,0.12
Veronica,0.63,0.13,0.94
Verse green,0.09,0.53,0.05
Very light azure,0.45,0.73,0.98
Very light blue,0.4,0.4,1
Very light malachite green,0.39,0.91,0.53
Very light tangelo,1,0.69,0.47
Very pale orange,1,0.87,0.75
Very pale yellow,1,1,0.75
Vine Green,0.22,0.64,0.16
Violet,0.56,0,1
Violet (color wheel),0.5,0,1
Violet (crayola),0.59,0.24,0.5
Violet (RYB),0.53,0,0.69
Violet (web),0.93,0.51,0.93
Violet-blue,0.2,0.29,0.7
Violet-blue (Crayola),0.46,0.43,0.78
Violet-red,0.97,0.33,0.58
Violet-red,0.54,0.08,0.27
Violets Are Blue,0.51,0.4,0.96
Violin Brown,0.4,0.27,0.01
Viridian,0.25,0.51,0.43
Viridian green,0,0.59,0.6
Vista blue,0.49,0.62,0.85
Vivaldi Red,0.94,0.22,0.22
Vivid amber,0.8,0.6,0
Vivid auburn,0.57,0.15,0.14
Vivid burgundy,0.62,0.11,0.21
Vivid cerise,0.85,0.11,0.51
Vivid cerulean,0,0.67,0.93
Vivid crimson,0.8,0,0.2
Vivid gamboge,1,0.6,0
Vivid lime green,0.65,0.84,0.03
Vivid malachite,0,0.8,0.2
Vivid mulberry,0.72,0.05,0.89
Vivid orange,1,0.37,0
Vivid orange peel,1,0.63,0
Vivid orchid,0.8,0,1
Vivid raspberry,1,0,0.42
Vivid red,0.97,0.05,0.1
Vivid red-tangelo,0.87,0.38,0.14
Vivid sky blue,0,0.8,1
Vivid tangelo,0.94,0.45,0.15
Vivid tangerine,1,0.63,0.54
Vivid vermilion,0.9,0.38,0.14
Vivid violet,0.62,0,1
Vivid yellow,1,0.89,0.01
Vodka,0.75,0.75,0.93
Volt,0.8,1,0
Warm black,0,0.26,0.26
Watermelon Yellow,0.93,1,0.11
Waterspout,0.64,0.96,0.98
Weebly Blue,0.12,0.56,0.93
Weebly Orange,1,0.6,0
Wenge,0.39,0.33,0.32
Wheat,0.96,0.87,0.7
White,1,1,1
White chocolate,0.93,0.9,0.84
White coffee,0.9,0.88,0.83
White smoke,0.96,0.96,0.96
Wild blue yonder,0.64,0.68,0.82
Wild orchid,0.83,0.44,0.64
Wild Strawberry,1,0.26,0.64
Wild watermelon,0.99,0.42,0.52
Willpower orange,0.99,0.35,0
Windsor tan,0.65,0.33,0.01
Wine,0.45,0.18,0.22
Wine red,0.69,0.07,0.15
Wine dregs,0.4,0.19,0.28
Winter Sky,1,0,0.49
Winter Wizard,0.63,0.9,1
Wintergreen Dream,0.34,0.53,0.49
Wisteria,0.79,0.63,0.86
Wood brown,0.76,0.6,0.42
Xbox Green,0.05,0.48,0.05
Xiaomi Orange,0.99,0.29,0
Yale Blue,0.06,0.3,0.57
Yankees blue,0.11,0.16,0.25
Yellow,1,1,0
Yellow (Crayola),0.99,0.91,0.51
Yellow (Munsell),0.94,0.8,0
Yellow (NCS),1,0.83,0
Yellow (Pantone),1,0.87,0
Yellow (process),1,0.94,0
Yellow (RYB),1,1,0.2
Yellow-green,0.6,0.8,0.2
Yellow-green (Crayola),0.77,0.89,0.52
Yellow-green (Color Wheel),0.19,0.7,0.1
Yellow Orange,1,0.68,0.26
Yellow Orange (Color Wheel),1,0.58,0.02
Yellow rose,1,0.94,0
Yellow Sunshine,1,0.97,0
YInMn Blue,0.18,0.31,0.56
Youtube red,0.7,0.03,0.11
Zaffre,0,0.08,0.66
Zebra White,0.96,0.96,0.96
Zinnwaldite,0.92,0.76,0.69
Zinnwaldite brown,0.17,0.09,0.03
Zomp,0.22,0.65,0.56